backbone,dataset,strategy,layer,assigned_rank,pre_acc,post_acc,delta
facebook/dinov2-base,cifar100,vanilla,0,8,28.360000000000003,28.349999999999998,-0.010000000000005116
facebook/dinov2-base,cifar100,vanilla,1,8,39.0,38.72,-0.28000000000000114
facebook/dinov2-base,cifar100,vanilla,2,8,42.699999999999996,43.72,1.0200000000000031
facebook/dinov2-base,cifar100,vanilla,3,8,53.54,54.48,0.9399999999999977
facebook/dinov2-base,cifar100,vanilla,4,8,57.87,60.160000000000004,2.2900000000000063
facebook/dinov2-base,cifar100,vanilla,5,8,63.22,64.89,1.6700000000000017
facebook/dinov2-base,cifar100,vanilla,6,8,68.37,71.17999999999999,2.809999999999988
facebook/dinov2-base,cifar100,vanilla,7,8,70.82000000000001,74.61,3.789999999999992
facebook/dinov2-base,cifar100,vanilla,8,8,74.28,78.78,4.5
facebook/dinov2-base,cifar100,vanilla,9,8,80.28,84.7,4.420000000000002
facebook/dinov2-base,cifar100,vanilla,10,8,86.53999999999999,90.73,4.190000000000012
facebook/dinov2-base,cifar100,vanilla,11,8,88.7,93.25,4.549999999999997
facebook/dinov2-base,cifar100,support_weak,0,15,28.360000000000003,28.27,-0.09000000000000341
facebook/dinov2-base,cifar100,support_weak,1,13,39.0,38.81,-0.18999999999999773
facebook/dinov2-base,cifar100,support_weak,2,12,42.699999999999996,43.71,1.0100000000000051
facebook/dinov2-base,cifar100,support_weak,3,9,53.54,54.49,0.9500000000000028
facebook/dinov2-base,cifar100,support_weak,4,9,57.87,60.260000000000005,2.3900000000000077
facebook/dinov2-base,cifar100,support_weak,5,7,63.22,65.93,2.710000000000008
facebook/dinov2-base,cifar100,support_weak,6,6,68.37,71.31,2.9399999999999977
facebook/dinov2-base,cifar100,support_weak,7,6,70.82000000000001,74.98,4.159999999999997
facebook/dinov2-base,cifar100,support_weak,8,5,74.28,78.53,4.25
facebook/dinov2-base,cifar100,support_weak,9,4,80.28,84.34,4.060000000000002
facebook/dinov2-base,cifar100,support_weak,10,2,86.53999999999999,90.89,4.3500000000000085
facebook/dinov2-base,cifar100,support_weak,11,2,88.7,92.94,4.239999999999995
facebook/dinov2-base,cifar100,amplify_strong,0,3,28.360000000000003,27.939999999999998,-0.42000000000000526
facebook/dinov2-base,cifar100,amplify_strong,1,4,39.0,38.85,-0.14999999999999858
facebook/dinov2-base,cifar100,amplify_strong,2,5,42.699999999999996,43.269999999999996,0.5700000000000003
facebook/dinov2-base,cifar100,amplify_strong,3,6,53.54,54.410000000000004,0.8700000000000045
facebook/dinov2-base,cifar100,amplify_strong,4,7,57.87,60.589999999999996,2.719999999999999
facebook/dinov2-base,cifar100,amplify_strong,5,8,63.22,65.61,2.3900000000000006
facebook/dinov2-base,cifar100,amplify_strong,6,8,68.37,71.66,3.289999999999992
facebook/dinov2-base,cifar100,amplify_strong,7,9,70.82000000000001,74.92999999999999,4.109999999999985
facebook/dinov2-base,cifar100,amplify_strong,8,9,74.28,79.22,4.939999999999998
facebook/dinov2-base,cifar100,amplify_strong,9,10,80.28,84.78,4.5
facebook/dinov2-base,cifar100,amplify_strong,10,11,86.53999999999999,91.16,4.6200000000000045
facebook/dinov2-base,cifar100,amplify_strong,11,11,88.7,93.47,4.769999999999996
facebook/dinov2-base,cifar100,proportional,0,4,28.360000000000003,28.57,0.2099999999999973
facebook/dinov2-base,cifar100,proportional,1,6,39.0,39.32,0.3200000000000003
facebook/dinov2-base,cifar100,proportional,2,6,42.699999999999996,43.24,0.5400000000000063
facebook/dinov2-base,cifar100,proportional,3,9,53.54,54.300000000000004,0.7600000000000051
facebook/dinov2-base,cifar100,proportional,4,9,57.87,59.230000000000004,1.3600000000000065
facebook/dinov2-base,cifar100,proportional,5,10,63.22,65.21000000000001,1.990000000000009
facebook/dinov2-base,cifar100,proportional,6,11,68.37,70.63000000000001,2.260000000000005
facebook/dinov2-base,cifar100,proportional,7,12,70.82000000000001,74.75,3.9299999999999926
facebook/dinov2-base,cifar100,proportional,8,13,74.28,78.8,4.519999999999996
facebook/dinov2-base,cifar100,proportional,9,14,80.28,84.21,3.9299999999999926
facebook/dinov2-base,cifar100,proportional,10,15,86.53999999999999,90.79,4.250000000000014
facebook/dinov2-base,cifar100,proportional,11,15,88.7,93.28,4.579999999999998
facebook/dinov2-base,oxford_pets,vanilla,0,8,17.198146633960206,17.198146633960206,0.0
facebook/dinov2-base,oxford_pets,vanilla,1,8,26.737530662305804,26.464976832924503,-0.2725538293813017
facebook/dinov2-base,oxford_pets,vanilla,2,8,32.59743799400381,32.57018261106568,-0.027255382938129458
facebook/dinov2-base,oxford_pets,vanilla,3,8,40.66503134369038,41.45543744889616,0.7904061052057827
facebook/dinov2-base,oxford_pets,vanilla,4,8,46.90651403652221,47.83319705641864,0.92668301989643
facebook/dinov2-base,oxford_pets,vanilla,5,8,51.158353774870534,55.110384300899426,3.952030526028892
facebook/dinov2-base,oxford_pets,vanilla,6,8,54.26546742981739,57.290814935949854,3.025347506132462
facebook/dinov2-base,oxford_pets,vanilla,7,8,61.51539929136004,64.15917143635869,2.6437721449986498
facebook/dinov2-base,oxford_pets,vanilla,8,8,69.91005723630417,72.06323248841646,2.153175252112291
facebook/dinov2-base,oxford_pets,vanilla,9,8,83.12891796129736,83.31970564186427,0.1907876805669133
facebook/dinov2-base,oxford_pets,vanilla,10,8,94.79422185881712,93.73126192423004,-1.0629599345870844
facebook/dinov2-base,oxford_pets,vanilla,11,8,95.61188334696102,95.39384028345597,-0.21804306350504987
facebook/dinov2-base,oxford_pets,support_weak,0,15,17.198146633960206,16.59852820932134,-0.5996184246388658
facebook/dinov2-base,oxford_pets,support_weak,1,13,26.737530662305804,26.95557372581085,0.21804306350504632
facebook/dinov2-base,oxford_pets,support_weak,2,12,32.59743799400381,31.152902698282908,-1.444535295720904
facebook/dinov2-base,oxford_pets,support_weak,3,10,40.66503134369038,41.6734805124012,1.0084491687108184
facebook/dinov2-base,oxford_pets,support_weak,4,9,46.90651403652221,47.66966475878986,0.7631507222676461
facebook/dinov2-base,oxford_pets,support_weak,5,8,51.158353774870534,53.31152902698283,2.153175252112298
facebook/dinov2-base,oxford_pets,support_weak,6,8,54.26546742981739,55.81902425729082,1.5535568274734288
facebook/dinov2-base,oxford_pets,support_weak,7,7,61.51539929136004,63.69582992641046,2.1804306350504206
facebook/dinov2-base,oxford_pets,support_weak,8,5,69.91005723630417,74.02562005996184,4.115562823657669
facebook/dinov2-base,oxford_pets,support_weak,9,3,83.12891796129736,83.75579176887436,0.6268738075769988
facebook/dinov2-base,oxford_pets,support_weak,10,1,94.79422185881712,93.67675115835378,-1.1174707004633433
facebook/dinov2-base,oxford_pets,support_weak,11,1,95.61188334696102,95.66639411283728,0.054510765876258915
facebook/dinov2-base,oxford_pets,amplify_strong,0,2,17.198146633960206,17.470700463341508,0.2725538293813017
facebook/dinov2-base,oxford_pets,amplify_strong,1,3,26.737530662305804,26.655764513491416,-0.08176614881438837
facebook/dinov2-base,oxford_pets,amplify_strong,2,4,32.59743799400381,32.27037339874626,-0.3270645952575535
facebook/dinov2-base,oxford_pets,amplify_strong,3,5,40.66503134369038,41.809757427091846,1.1447260834014656
facebook/dinov2-base,oxford_pets,amplify_strong,4,6,46.90651403652221,48.868901608067596,1.962387571545385
facebook/dinov2-base,oxford_pets,amplify_strong,5,7,51.158353774870534,53.011719814663394,1.85336603979286
facebook/dinov2-base,oxford_pets,amplify_strong,6,7,54.26546742981739,56.963750340692286,2.6982829108748945
facebook/dinov2-base,oxford_pets,amplify_strong,7,8,61.51539929136004,64.02289452166802,2.507495230307981
facebook/dinov2-base,oxford_pets,amplify_strong,8,9,69.91005723630417,73.48051240119923,3.5704551648950655
facebook/dinov2-base,oxford_pets,amplify_strong,9,11,83.12891796129736,82.39302262196784,-0.7358953393295167
facebook/dinov2-base,oxford_pets,amplify_strong,10,13,94.79422185881712,93.75851730716816,-1.035704551648962
facebook/dinov2-base,oxford_pets,amplify_strong,11,13,95.61188334696102,95.36658490051785,-0.24529844644317222
facebook/dinov2-base,oxford_pets,proportional,0,4,17.198146633960206,16.026165167620604,-1.1719814663396022
facebook/dinov2-base,oxford_pets,proportional,1,5,26.737530662305804,26.355955301171978,-0.3815753611338266
facebook/dinov2-base,oxford_pets,proportional,2,6,32.59743799400381,31.94330880348869,-0.6541291905151212
facebook/dinov2-base,oxford_pets,proportional,3,7,40.66503134369038,40.528754428999726,-0.1362769146906544
facebook/dinov2-base,oxford_pets,proportional,4,8,46.90651403652221,47.80594167348051,0.8994276369583005
facebook/dinov2-base,oxford_pets,proportional,5,9,51.158353774870534,53.06623058053965,1.9078768056691189
facebook/dinov2-base,oxford_pets,proportional,6,9,54.26546742981739,57.617879531207414,3.3524121013900228
facebook/dinov2-base,oxford_pets,proportional,7,10,61.51539929136004,64.05014990460616,2.5347506132461177
facebook/dinov2-base,oxford_pets,proportional,8,12,69.91005723630417,74.76151539929135,4.851458162987186
facebook/dinov2-base,oxford_pets,proportional,9,14,83.12891796129736,82.42027800490597,-0.7086399563913943
facebook/dinov2-base,oxford_pets,proportional,10,15,94.79422185881712,93.51321886072499,-1.2810029980921342
facebook/dinov2-base,oxford_pets,proportional,11,15,95.61188334696102,95.12128645407468,-0.49059689288634445
facebook/dinov2-base,cub200,vanilla,0,8,10.027614773904038,10.165688643424232,0.13807386952019485
facebook/dinov2-base,cub200,vanilla,1,8,13.04798066965827,12.495685191577493,-0.5522954780807758
facebook/dinov2-base,cub200,vanilla,2,8,16.12012426648257,15.205384880911287,-0.9147393855712824
facebook/dinov2-base,cub200,vanilla,3,8,22.298929927511217,22.695892302381772,0.3969623748705544
facebook/dinov2-base,cub200,vanilla,4,8,25.181221953745254,26.113220573006558,0.9319986192613037
facebook/dinov2-base,cub200,vanilla,5,8,28.374180186399723,32.39558163617535,4.021401449775627
facebook/dinov2-base,cub200,vanilla,6,8,34.72557818432861,40.23127373144633,5.505695547117718
facebook/dinov2-base,cub200,vanilla,7,8,39.43734898170521,43.458750431480844,4.021401449775631
facebook/dinov2-base,cub200,vanilla,8,8,51.07007248878149,51.74318260269244,0.6731101139109512
facebook/dinov2-base,cub200,vanilla,9,8,73.19641007939246,74.76700034518467,1.5705902657922053
facebook/dinov2-base,cub200,vanilla,10,8,88.81601656886434,88.43631342768381,-0.37970314118052784
facebook/dinov2-base,cub200,vanilla,11,8,89.4891266827753,90.04142216085606,0.5522954780807652
facebook/dinov2-base,cub200,support_weak,0,12,10.027614773904038,9.509837763203313,-0.5177770107007245
facebook/dinov2-base,cub200,support_weak,1,11,13.04798066965827,12.927166033828097,-0.12081463583017182
facebook/dinov2-base,cub200,support_weak,2,11,16.12012426648257,16.189161201242666,0.06903693476009565
facebook/dinov2-base,cub200,support_weak,3,10,22.298929927511217,22.471522264411462,0.17259233690024445
facebook/dinov2-base,cub200,support_weak,4,10,25.181221953745254,27.166033828098037,1.9848118743527827
facebook/dinov2-base,cub200,support_weak,5,9,28.374180186399723,32.41284086986538,4.038660683465654
facebook/dinov2-base,cub200,support_weak,6,8,34.72557818432861,41.81912323092855,7.093545046599935
facebook/dinov2-base,cub200,support_weak,7,8,39.43734898170521,45.73696927856403,6.299620296858819
facebook/dinov2-base,cub200,support_weak,8,6,51.07007248878149,54.694511563686575,3.6244390749050837
facebook/dinov2-base,cub200,support_weak,9,3,73.19641007939246,74.47359337245426,1.2771832930617961
facebook/dinov2-base,cub200,support_weak,10,1,88.81601656886434,88.59164653089402,-0.22437003797031707
facebook/dinov2-base,cub200,support_weak,11,1,89.4891266827753,89.7134967207456,0.22437003797030286
facebook/dinov2-base,cub200,amplify_strong,0,1,10.027614773904038,9.630652399033483,-0.3969623748705544
facebook/dinov2-base,cub200,amplify_strong,1,2,13.04798066965827,13.255091473938558,0.20711080428028872
facebook/dinov2-base,cub200,amplify_strong,2,3,16.12012426648257,15.947531929582325,-0.17259233690024445
facebook/dinov2-base,cub200,amplify_strong,3,4,22.298929927511217,21.004487400759405,-1.294442526751812
facebook/dinov2-base,cub200,amplify_strong,4,4,25.181221953745254,25.92336900241629,0.7421470486710362
facebook/dinov2-base,cub200,amplify_strong,5,5,28.374180186399723,29.530548843631344,1.1563686572316207
facebook/dinov2-base,cub200,amplify_strong,6,6,34.72557818432861,38.88505350362444,4.159475319295829
facebook/dinov2-base,cub200,amplify_strong,7,7,39.43734898170521,43.68312046945116,4.245771487745948
facebook/dinov2-base,cub200,amplify_strong,8,9,51.07007248878149,53.86606834656541,2.7959958577839217
facebook/dinov2-base,cub200,amplify_strong,9,14,73.19641007939246,74.37003797031412,1.1736278909216509
facebook/dinov2-base,cub200,amplify_strong,10,17,88.81601656886434,88.12564722126338,-0.6903693476009636
facebook/dinov2-base,cub200,amplify_strong,11,17,89.4891266827753,89.52364515015533,0.03451846738003894
facebook/dinov2-base,cub200,proportional,0,4,10.027614773904038,9.975837072833967,-0.05177770107007085
facebook/dinov2-base,cub200,proportional,1,4,13.04798066965827,12.27131515360718,-0.7766655160510894
facebook/dinov2-base,cub200,proportional,2,4,16.12012426648257,15.895754228512255,-0.2243700379703153
facebook/dinov2-base,cub200,proportional,3,5,22.298929927511217,22.55781843286158,0.2588885053503631
facebook/dinov2-base,cub200,proportional,4,6,25.181221953745254,26.441146013117017,1.2599240593717624
facebook/dinov2-base,cub200,proportional,5,6,28.374180186399723,33.39661719019675,5.022437003797027
facebook/dinov2-base,cub200,proportional,6,7,34.72557818432861,41.698308595098375,6.972730410769763
facebook/dinov2-base,cub200,proportional,7,8,39.43734898170521,45.564376941663795,6.127027959958582
facebook/dinov2-base,cub200,proportional,8,10,51.07007248878149,53.12392129789437,2.0538488091128784
facebook/dinov2-base,cub200,proportional,9,13,73.19641007939246,75.16396272005524,1.967552640662774
facebook/dinov2-base,cub200,proportional,10,15,88.81601656886434,88.17742492233344,-0.6385916465308981
facebook/dinov2-base,cub200,proportional,11,15,89.4891266827753,89.81705212288574,0.3279254401104481
openai/clip-vit-base-patch16,cifar100,vanilla,0,8,30.9,31.209999999999997,0.3099999999999987
openai/clip-vit-base-patch16,cifar100,vanilla,1,8,38.16,38.440000000000005,0.28000000000000824
openai/clip-vit-base-patch16,cifar100,vanilla,2,8,45.51,46.54,1.0300000000000011
openai/clip-vit-base-patch16,cifar100,vanilla,3,8,51.74999999999999,53.620000000000005,1.8700000000000117
openai/clip-vit-base-patch16,cifar100,vanilla,4,8,58.199999999999996,60.260000000000005,2.0600000000000094
openai/clip-vit-base-patch16,cifar100,vanilla,5,8,61.529999999999994,64.28,2.750000000000007
openai/clip-vit-base-patch16,cifar100,vanilla,6,8,65.18,68.03,2.8499999999999943
openai/clip-vit-base-patch16,cifar100,vanilla,7,8,67.44,71.59,4.150000000000006
openai/clip-vit-base-patch16,cifar100,vanilla,8,8,69.6,76.14,6.540000000000006
openai/clip-vit-base-patch16,cifar100,vanilla,9,8,73.46000000000001,82.67999999999999,9.219999999999985
openai/clip-vit-base-patch16,cifar100,vanilla,10,8,75.92,85.72,9.799999999999997
openai/clip-vit-base-patch16,cifar100,vanilla,11,8,79.10000000000001,87.69,8.58999999999999
openai/clip-vit-base-patch16,cifar100,support_weak,0,13,30.9,31.569999999999997,0.6699999999999982
openai/clip-vit-base-patch16,cifar100,support_weak,1,12,38.16,37.96,-0.19999999999999574
openai/clip-vit-base-patch16,cifar100,support_weak,2,10,45.51,45.839999999999996,0.3299999999999983
openai/clip-vit-base-patch16,cifar100,support_weak,3,9,51.74999999999999,53.82,2.0700000000000074
openai/clip-vit-base-patch16,cifar100,support_weak,4,8,58.199999999999996,60.74,2.5400000000000063
openai/clip-vit-base-patch16,cifar100,support_weak,5,7,61.529999999999994,64.69,3.1600000000000037
openai/clip-vit-base-patch16,cifar100,support_weak,6,6,65.18,69.1,3.9199999999999875
openai/clip-vit-base-patch16,cifar100,support_weak,7,6,67.44,73.32,5.8799999999999955
openai/clip-vit-base-patch16,cifar100,support_weak,8,6,69.6,76.25,6.650000000000006
openai/clip-vit-base-patch16,cifar100,support_weak,9,5,73.46000000000001,82.32000000000001,8.86
openai/clip-vit-base-patch16,cifar100,support_weak,10,4,75.92,85.17,9.25
openai/clip-vit-base-patch16,cifar100,support_weak,11,4,79.10000000000001,87.35000000000001,8.25
openai/clip-vit-base-patch16,cifar100,amplify_strong,0,4,30.9,31.28,0.38000000000000256
openai/clip-vit-base-patch16,cifar100,amplify_strong,1,5,38.16,38.080000000000005,-0.07999999999999119
openai/clip-vit-base-patch16,cifar100,amplify_strong,2,6,45.51,45.62,0.10999999999999943
openai/clip-vit-base-patch16,cifar100,amplify_strong,3,6,51.74999999999999,52.410000000000004,0.6600000000000108
openai/clip-vit-base-patch16,cifar100,amplify_strong,4,7,58.199999999999996,60.28,2.0800000000000054
openai/clip-vit-base-patch16,cifar100,amplify_strong,5,8,61.529999999999994,63.57000000000001,2.0400000000000134
openai/clip-vit-base-patch16,cifar100,amplify_strong,6,8,65.18,66.23,1.0499999999999972
openai/clip-vit-base-patch16,cifar100,amplify_strong,7,9,67.44,72.09,4.650000000000006
openai/clip-vit-base-patch16,cifar100,amplify_strong,8,9,69.6,75.76,6.160000000000011
openai/clip-vit-base-patch16,cifar100,amplify_strong,9,9,73.46000000000001,81.83,8.36999999999999
openai/clip-vit-base-patch16,cifar100,amplify_strong,10,10,75.92,85.35000000000001,9.430000000000007
openai/clip-vit-base-patch16,cifar100,amplify_strong,11,10,79.10000000000001,87.29,8.189999999999998
openai/clip-vit-base-patch16,cifar100,proportional,0,4,30.9,31.130000000000003,0.23000000000000398
openai/clip-vit-base-patch16,cifar100,proportional,1,5,38.16,38.45,0.29000000000000625
openai/clip-vit-base-patch16,cifar100,proportional,2,7,45.51,46.62,1.1099999999999994
openai/clip-vit-base-patch16,cifar100,proportional,3,9,51.74999999999999,53.21,1.460000000000008
openai/clip-vit-base-patch16,cifar100,proportional,4,10,58.199999999999996,60.51,2.3100000000000023
openai/clip-vit-base-patch16,cifar100,proportional,5,11,61.529999999999994,64.0,2.470000000000006
openai/clip-vit-base-patch16,cifar100,proportional,6,12,65.18,69.43,4.25
openai/clip-vit-base-patch16,cifar100,proportional,7,13,67.44,71.87,4.430000000000007
openai/clip-vit-base-patch16,cifar100,proportional,8,13,69.6,76.32,6.719999999999999
openai/clip-vit-base-patch16,cifar100,proportional,9,14,73.46000000000001,82.43,8.969999999999999
openai/clip-vit-base-patch16,cifar100,proportional,10,15,75.92,85.50999999999999,9.58999999999999
openai/clip-vit-base-patch16,cifar100,proportional,11,15,79.10000000000001,87.9,8.799999999999997
openai/clip-vit-base-patch16,oxford_pets,vanilla,0,8,11.63804851458163,13.682202234941402,2.0441537203597715
openai/clip-vit-base-patch16,oxford_pets,vanilla,1,8,20.986644862360315,23.058053965658218,2.0714091032979027
openai/clip-vit-base-patch16,oxford_pets,vanilla,2,8,34.2055055873535,34.06922867266285,-0.1362769146906473
openai/clip-vit-base-patch16,oxford_pets,vanilla,3,8,43.52684655219406,43.7448896156991,0.21804306350504277
openai/clip-vit-base-patch16,oxford_pets,vanilla,4,8,46.47042790951213,46.82474788770782,0.35431997819569006
openai/clip-vit-base-patch16,oxford_pets,vanilla,5,8,48.16026165167621,49.08694467157264,0.92668301989643
openai/clip-vit-base-patch16,oxford_pets,vanilla,6,8,46.7157263559553,48.923412373943854,2.207686017988557
openai/clip-vit-base-patch16,oxford_pets,vanilla,7,8,48.21477241755247,54.183701281002996,5.968928863450529
openai/clip-vit-base-patch16,oxford_pets,vanilla,8,8,57.045516489506674,66.20332515671845,9.157808667211775
openai/clip-vit-base-patch16,oxford_pets,vanilla,9,8,72.41755246661215,83.67402562005996,11.256473153447814
openai/clip-vit-base-patch16,oxford_pets,vanilla,10,8,84.65521940583265,92.75006813845734,8.094848732624683
openai/clip-vit-base-patch16,oxford_pets,vanilla,11,8,93.32243118015808,94.0583265194876,0.7358953393295167
openai/clip-vit-base-patch16,oxford_pets,support_weak,0,14,11.63804851458163,13.273371490869446,1.6353229762878154
openai/clip-vit-base-patch16,oxford_pets,support_weak,1,12,20.986644862360315,22.158626328699917,1.1719814663396022
openai/clip-vit-base-patch16,oxford_pets,support_weak,2,10,34.2055055873535,33.14254565276642,-1.0629599345870773
openai/clip-vit-base-patch16,oxford_pets,support_weak,3,9,43.52684655219406,43.66312346688471,0.1362769146906544
openai/clip-vit-base-patch16,oxford_pets,support_weak,4,8,46.47042790951213,48.62360316162442,2.153175252112291
openai/clip-vit-base-patch16,oxford_pets,support_weak,5,8,48.16026165167621,50.504224584355406,2.3439629326791973
openai/clip-vit-base-patch16,oxford_pets,support_weak,6,8,46.7157263559553,50.28618152085037,3.5704551648950726
openai/clip-vit-base-patch16,oxford_pets,support_weak,7,8,48.21477241755247,56.8819841918779,8.66721177432543
openai/clip-vit-base-patch16,oxford_pets,support_weak,8,6,57.045516489506674,68.68356500408831,11.638048514581634
openai/clip-vit-base-patch16,oxford_pets,support_weak,9,4,72.41755246661215,86.01798855273917,13.600436086127019
openai/clip-vit-base-patch16,oxford_pets,support_weak,10,2,84.65521940583265,91.93240665031344,7.2771872444807855
openai/clip-vit-base-patch16,oxford_pets,support_weak,11,1,93.32243118015808,94.57617879531207,1.2537476151539977
openai/clip-vit-base-patch16,oxford_pets,amplify_strong,0,1,11.63804851458163,13.327882256745708,1.689833742164078
openai/clip-vit-base-patch16,oxford_pets,amplify_strong,1,3,20.986644862360315,20.877623330607793,-0.10902153175252138
openai/clip-vit-base-patch16,oxford_pets,amplify_strong,2,5,34.2055055873535,33.932951757972205,-0.2725538293812946
openai/clip-vit-base-patch16,oxford_pets,amplify_strong,3,6,43.52684655219406,44.15372035977106,0.6268738075769988
openai/clip-vit-base-patch16,oxford_pets,amplify_strong,4,7,46.47042790951213,47.72417552466612,1.2537476151539906
openai/clip-vit-base-patch16,oxford_pets,amplify_strong,5,7,48.16026165167621,48.950667756881984,0.7904061052057756
openai/clip-vit-base-patch16,oxford_pets,amplify_strong,6,7,46.7157263559553,49.795584627964026,3.079858272008728
openai/clip-vit-base-patch16,oxford_pets,amplify_strong,7,7,48.21477241755247,56.963750340692286,8.748977923139819
openai/clip-vit-base-patch16,oxford_pets,amplify_strong,8,9,57.045516489506674,67.18451894249114,10.139002452984464
openai/clip-vit-base-patch16,oxford_pets,amplify_strong,9,11,72.41755246661215,83.51049332243117,11.092940855819023
openai/clip-vit-base-patch16,oxford_pets,amplify_strong,10,13,84.65521940583265,91.93240665031344,7.2771872444807855
openai/clip-vit-base-patch16,oxford_pets,amplify_strong,11,14,93.32243118015808,93.86753883892068,0.5451076587626034
openai/clip-vit-base-patch16,oxford_pets,proportional,0,4,11.63804851458163,13.273371490869446,1.6353229762878154
openai/clip-vit-base-patch16,oxford_pets,proportional,1,5,20.986644862360315,22.21313709457618,1.2264922322158647
openai/clip-vit-base-patch16,oxford_pets,proportional,2,7,34.2055055873535,34.314527119106025,0.10902153175252494
openai/clip-vit-base-patch16,oxford_pets,proportional,3,8,43.52684655219406,43.336058871627145,-0.1907876805669133
openai/clip-vit-base-patch16,oxford_pets,proportional,4,9,46.47042790951213,47.31534478059417,0.8449168710820345
openai/clip-vit-base-patch16,oxford_pets,proportional,5,9,48.16026165167621,49.304987735077674,1.1447260834014656
openai/clip-vit-base-patch16,oxford_pets,proportional,6,9,46.7157263559553,49.877350776778414,3.1616244208231166
openai/clip-vit-base-patch16,oxford_pets,proportional,7,9,48.21477241755247,54.810575088579995,6.595802671027528
openai/clip-vit-base-patch16,oxford_pets,proportional,8,10,57.045516489506674,65.41291905151267,8.367402562006
openai/clip-vit-base-patch16,oxford_pets,proportional,9,12,72.41755246661215,84.08285636413191,11.665303897519763
openai/clip-vit-base-patch16,oxford_pets,proportional,10,14,84.65521940583265,91.95966203325156,7.304442627418908
openai/clip-vit-base-patch16,oxford_pets,proportional,11,15,93.32243118015808,94.27636958299263,0.9539384028345523
openai/clip-vit-base-patch16,cub200,vanilla,0,8,5.868139454608215,6.316879530548844,0.4487400759406288
openai/clip-vit-base-patch16,cub200,vanilla,1,8,10.562651018294787,11.149464963755609,0.5868139454608219
openai/clip-vit-base-patch16,cub200,vanilla,2,8,18.018639972385227,19.31308249913704,1.294442526751812
openai/clip-vit-base-patch16,cub200,vanilla,3,8,22.040041422160854,23.09285467725233,1.0528132550914755
openai/clip-vit-base-patch16,cub200,vanilla,4,8,26.803589920607525,30.669658267172938,3.866068346565413
openai/clip-vit-base-patch16,cub200,vanilla,5,8,24.92233344839489,31.39454608215395,6.47221263375906
openai/clip-vit-base-patch16,cub200,vanilla,6,8,23.869520193303416,32.60269244045564,8.733172247152226
openai/clip-vit-base-patch16,cub200,vanilla,7,8,26.958923023817743,38.38453572661374,11.425612702795998
openai/clip-vit-base-patch16,cub200,vanilla,8,8,33.94891266827753,53.38280980324473,19.433897134967204
openai/clip-vit-base-patch16,cub200,vanilla,9,8,52.41629271660339,74.87055574732481,22.454263030721428
openai/clip-vit-base-patch16,cub200,vanilla,10,8,67.10390058681395,81.89506385916465,14.791163272350701
openai/clip-vit-base-patch16,cub200,vanilla,11,8,81.27373144632378,84.91542975491888,3.641698308595096
openai/clip-vit-base-patch16,cub200,support_weak,0,11,5.868139454608215,6.454953400069037,0.5868139454608219
openai/clip-vit-base-patch16,cub200,support_weak,1,10,10.562651018294787,10.182947877114257,-0.3797031411805296
openai/clip-vit-base-patch16,cub200,support_weak,2,9,18.018639972385227,18.41560234725578,0.3969623748705544
openai/clip-vit-base-patch16,cub200,support_weak,3,9,22.040041422160854,22.62685536762168,0.5868139454608254
openai/clip-vit-base-patch16,cub200,support_weak,4,8,26.803589920607525,30.186399723852258,3.382809803244733
openai/clip-vit-base-patch16,cub200,support_weak,5,8,24.92233344839489,31.411805315843978,6.489471867449087
openai/clip-vit-base-patch16,cub200,support_weak,6,9,23.869520193303416,31.11839834311357,7.248878149810153
openai/clip-vit-base-patch16,cub200,support_weak,7,8,26.958923023817743,36.451501553331035,9.492578529513292
openai/clip-vit-base-patch16,cub200,support_weak,8,7,33.94891266827753,54.142216085605796,20.193303417328266
openai/clip-vit-base-patch16,cub200,support_weak,9,5,52.41629271660339,75.18122195374526,22.764929237141878
openai/clip-vit-base-patch16,cub200,support_weak,10,3,67.10390058681395,81.91232309285468,14.808422506040728
openai/clip-vit-base-patch16,cub200,support_weak,11,2,81.27373144632378,85.34691059716948,4.073179150845704
openai/clip-vit-base-patch16,cub200,amplify_strong,0,1,5.868139454608215,6.4031756989989645,0.5350362443907493
openai/clip-vit-base-patch16,cub200,amplify_strong,1,2,10.562651018294787,11.011391094235416,0.4487400759406288
openai/clip-vit-base-patch16,cub200,amplify_strong,2,4,18.018639972385227,18.467380048325854,0.44874007594062704
openai/clip-vit-base-patch16,cub200,amplify_strong,3,5,22.040041422160854,23.50707628581291,1.4670348636520565
openai/clip-vit-base-patch16,cub200,amplify_strong,4,6,26.803589920607525,29.68588194684156,2.8822920262340332
openai/clip-vit-base-patch16,cub200,amplify_strong,5,6,24.92233344839489,30.859509837763206,5.9371763893683145
openai/clip-vit-base-patch16,cub200,amplify_strong,6,5,23.869520193303416,31.480842250604073,7.611322057300658
openai/clip-vit-base-patch16,cub200,amplify_strong,7,6,26.958923023817743,37.55609250949258,10.597169485674836
openai/clip-vit-base-patch16,cub200,amplify_strong,8,8,33.94891266827753,54.97065930272696,21.02174663444943
openai/clip-vit-base-patch16,cub200,amplify_strong,9,12,52.41629271660339,75.37107352433551,22.954780807732128
openai/clip-vit-base-patch16,cub200,amplify_strong,10,16,67.10390058681395,81.39454608215395,14.290645495340002
openai/clip-vit-base-patch16,cub200,amplify_strong,11,19,81.27373144632378,85.58853986882983,4.314808422506047
openai/clip-vit-base-patch16,cub200,proportional,0,4,5.868139454608215,6.213324128408699,0.34518467380048357
openai/clip-vit-base-patch16,cub200,proportional,1,4,10.562651018294787,10.441836382464619,-0.12081463583016827
openai/clip-vit-base-patch16,cub200,proportional,2,5,18.018639972385227,17.932343803935105,-0.08629616845012222
openai/clip-vit-base-patch16,cub200,proportional,3,6,22.040041422160854,22.26441146013117,0.22437003797031707
openai/clip-vit-base-patch16,cub200,proportional,4,7,26.803589920607525,29.582326544701417,2.7787366240938915
openai/clip-vit-base-patch16,cub200,proportional,5,7,24.92233344839489,31.101139109423542,6.178805661028651
openai/clip-vit-base-patch16,cub200,proportional,6,6,23.869520193303416,30.04832585433207,6.178805661028655
openai/clip-vit-base-patch16,cub200,proportional,7,7,26.958923023817743,39.282015878494995,12.323092854677252
openai/clip-vit-base-patch16,cub200,proportional,8,8,33.94891266827753,53.62443907490507,19.67552640662754
openai/clip-vit-base-patch16,cub200,proportional,9,11,52.41629271660339,73.69692785640318,21.28063513979979
openai/clip-vit-base-patch16,cub200,proportional,10,13,67.10390058681395,81.2909906800138,14.187090093199856
openai/clip-vit-base-patch16,cub200,proportional,11,15,81.27373144632378,85.15705902657922,3.8833275802554397
